factor,formation_month,holding_month,long_ret,short_leg_ret,gross_ret,turnover,cost,net_ret
amihud_illiq,2014-09-01,2014-10-01,0.05910328992358974,0.02165994139406819,0.03744334852952157,0.5747948664001683,0.0005747948664001683,0.036868553663121396
amihud_illiq,2017-05-01,2017-06-01,0.03009949592663425,0.004554536411930275,0.025544959514703973,0.776633663366337,0.000776633663366337,0.024768325851337637
high_52w,2014-11-01,2014-12-01,0.0053695691937969345,-0.012670512252505277,0.0180400814463022,1.6838487972508573,0.0016838487972508573,0.016356232649051342
low_vol,2014-05-01,2014-06-01,0.01650346608937347,0.046359092205834666,-0.02985562611646122,0.8919673539518906,0.0008919673539518907,-0.030747593470413108
momentum_12_1,2015-11-01,2015-12-01,-0.012081534777063124,-0.06441031516185262,0.05232878038478945,0.8041237113402065,0.0008041237113402065,0.05152465667344924
momentum_12_1,2017-07-01,2017-08-01,-0.0058316980263960075,-0.04624152871971549,0.040409830693319486,0.6238383838383841,0.0006238383838383841,0.0397859923094811
reversal_1m,2017-05-01,2017-06-01,0.03813813376299717,-0.011239697310791366,0.049377831073788535,2.5657425742574276,0.0025657425742574274,0.046812088499531106
low_vol,2014-12-01,2015-01-01,0.0028178178235411773,-0.028759260214678516,0.031577078038219686,0.5954134231011994,0.0005954134231011993,0.030981664615118486
low_vol,2017-08-01,2017-09-01,0.0019533116800612487,0.05118933864379288,-0.04923602696373163,0.6768316831683171,0.0006768316831683171,-0.04991285864689995
reversal_1m,2013-07-01,2013-08-01,-0.02762636901066812,-0.018686797905975296,-0.008939571104692802,3.295317869415803,0.0032953178694158035,-0.012234888974108606
reversal_1m,2013-09-01,2013-10-01,0.03605805562670228,0.043660322921848134,-0.007602267295145834,3.0468213058419202,0.0030468213058419203,-0.010649088600987754
reversal_1m,2016-06-01,2016-07-01,0.07373135378699663,0.013468114507318624,0.06026323927967798,3.3157575757575737,0.0033157575757575735,0.0569474817039204
reversal_1m,2016-10-01,2016-11-01,0.051602694217961535,0.0817611596801784,-0.030158465462216857,3.2969696969697013,0.003296969696969701,-0.03345543515918656
amihud_illiq,2016-04-01,2016-05-01,0.03180076242551758,0.014788926469130395,0.017011835956387195,0.7438383838383842,0.0007438383838383843,0.01626799757254881
amihud_illiq,2016-06-01,2016-07-01,0.06236982656412492,0.030953462735803246,0.03141636382832164,0.8246464646464651,0.000824646464646465,0.030591717363675178
high_52w,2016-08-01,2016-09-01,0.0003228672514827216,0.0037763310346944075,-0.0034534637832116773,1.7917955060812214,0.0017917955060812215,-0.005245259289292899
low_vol,2014-01-01,2014-02-01,0.03464755010873462,0.0649439317827585,-0.030296381674023827,1.0571305841924403,0.0010571305841924402,-0.03135351225821627
momentum_12_1,2017-12-01,2018-01-01,0.07095908610230663,0.027706117632933788,0.0432529684693728,0.7800000000000005,0.0007800000000000004,0.0424729684693728
reversal_1m,2014-08-01,2014-09-01,-0.03277565409767165,-0.02630325256521972,-0.00647240153245195,3.4466652640437596,0.0034466652640437593,-0.009919066796495709
reversal_1m,2014-09-01,2014-10-01,0.029577274048517326,0.023970774927458686,0.005606499121058674,3.097201767304858,0.003097201767304858,0.0025092973537538163
reversal_1m,2015-06-01,2015-07-01,0.012015862316919526,0.019333432951927618,-0.007317570635008094,2.87166000420786,0.0028716600042078605,-0.010189230639215955
reversal_1m,2016-04-01,2016-05-01,0.015824137157957212,0.013011311135580874,0.0028128260223763287,2.9757575757575756,0.0029757575757575756,-0.00016293155338124692
amihud_illiq,2016-10-01,2016-11-01,0.054144857525880635,0.0397248023517396,0.014420055174141024,0.7042424242424246,0.0007042424242424246,0.013715812749898599
amihud_illiq,2013-07-01,2013-08-01,-0.027302477204565957,-0.023689967730180544,-0.0036125094743853976,0.6643041237113403,0.0006643041237113403,-0.004276813598096738
amihud_illiq,2013-08-01,2013-09-01,0.05049079356099253,0.0355726654082741,0.01491812815271843,0.6222079037800687,0.0006222079037800687,0.01429592024893836
amihud_illiq,2015-06-01,2015-07-01,0.025620058361544726,0.02460785153439124,0.0010122068271534975,0.7189143698716602,0.0007189143698716603,0.0002932924572818372
high_52w,2016-09-01,2016-10-01,-0.031788429262102874,-0.0068127390900830555,-0.024975690172019803,1.1599670171098746,0.0011599670171098745,-0.026135657189129677
low_vol,2014-06-01,2014-07-01,-0.02577007747556624,-0.01492649203048218,-0.01084358544508408,0.6834192439862544,0.0006834192439862545,-0.011527004689070334
amihud_illiq,2014-08-01,2014-09-01,-0.0372528048471784,-0.017486466261127633,-0.019766338586050744,0.657479486640017,0.000657479486640017,-0.02042381807269076
high_52w,2014-03-01,2014-04-01,-0.006844664643145617,0.008757648652865647,-0.015602313296011262,1.9087719298245602,0.0019087719298245603,-0.01751108522583582
high_52w,2015-07-01,2015-08-01,-0.049763118753031944,-0.05721459059455184,0.007451471841519896,1.5211445402903432,0.0015211445402903434,0.005930327301229553
low_vol,2017-06-01,2017-07-01,0.01681925770085762,0.0189191597198336,-0.0020999020189760055,0.6800000000000003,0.0006800000000000003,-0.0027799020189760056
low_vol,2017-10-01,2017-11-01,0.03149220996685391,0.03685604431379327,-0.005363834346939359,1.0950495049504956,0.0010950495049504955,-0.006458883851889854
momentum_12_1,2015-12-01,2016-01-01,-0.05905414898295888,-0.05977567585838951,0.0007215268754305779,0.738691352829792,0.0007386913528297921,-1.7164477399214196e-05
momentum_12_1,2017-04-01,2017-05-01,0.029579554824982143,-0.030104827829812286,0.05968438265479437,0.8844444444444449,0.0008844444444444449,0.05879993821034993
reversal_1m,2013-08-01,2013-09-01,0.039347639254926355,0.05262898877447063,-0.013281349519544296,3.0891323024054946,0.003089132302405495,-0.016370481821949792
amihud_illiq,2013-09-01,2013-10-01,0.04160814350614223,0.040181055048457724,0.001427088457684493,0.6020189003436426,0.0006020189003436426,0.0008250695573408503
high_52w,2017-11-01,2017-12-01,0.005044315648546139,0.03498678610474104,-0.029942470456194904,1.8143434343434326,0.0018143434343434325,-0.03175681389053834
high_52w,2015-06-01,2015-07-01,0.03276942623432671,-0.02767271616336619,0.0604421423976929,1.1106669471912478,0.001110666947191248,0.05933147545050165
momentum_12_1,2014-10-01,2014-11-01,0.046053177517552286,0.023302051039009692,0.022751126478542574,1.0562714776632307,0.0010562714776632307,0.021694855000879344
momentum_12_1,2015-02-01,2015-03-01,0.0149553416894947,-0.02344714744446663,0.03840248913396134,1.0990120274914092,0.0010990120274914092,0.03730347710646993
momentum_12_1,2016-11-01,2016-12-01,0.00947098563213027,0.012783588138969975,-0.0033126025068397126,1.2525252525252522,0.0012525252525252522,-0.0045651277593649646
reversal_1m,2013-06-01,2013-07-01,0.07812326685103252,0.05046312648207712,0.027660140368955345,3.225219298245622,0.0032252192982456223,0.02443492107070972
momentum_12_1,2016-12-01,2017-01-01,0.02456795505473877,0.02437691944109963,0.0001910356136391421,1.810909090909093,0.001810909090909093,-0.001619873477269951
amihud_illiq,2014-03-01,2014-04-01,0.0009052875260954099,0.007132931945145514,-0.0062276444190501115,0.6015893470790378,0.0006015893470790377,-0.006829233766129149
high_52w,2016-06-01,2016-07-01,0.004024107380283674,0.0804249391605701,-0.07640083178028644,1.5306122448979598,0.0015306122448979598,-0.0779314440251844
momentum_12_1,2017-03-01,2017-04-01,0.002991152256641835,0.0006267032971745206,0.0023644489594673193,0.783636363636364,0.0007836363636363641,0.0015808125958309553
reversal_1m,2013-10-01,2013-11-01,0.030413087100453047,0.029427123660820446,0.0009859634396325913,3.171176975945013,0.0031711769759450127,-0.0021852135363124216
reversal_1m,2015-07-01,2015-08-01,-0.053331633494967556,-0.04676345904400087,-0.006568174450966653,3.2071737786023427,0.0032071737786023426,-0.009775348229568995
reversal_1m,2017-11-01,2017-12-01,0.006281898198319987,0.019414809071884535,-0.013132910873564543,3.2223762376237644,0.0032223762376237643,-0.016355287111188308
reversal_1m,2016-09-01,2016-10-01,-0.017502889177906888,-0.031370811155866526,0.013867921977959644,3.0351515151515147,0.003035151515151515,0.010832770462808129
amihud_illiq,2016-08-01,2016-09-01,-0.0006101945476098812,-0.004028292893235719,0.0034180983456258405,0.7452525252525256,0.0007452525252525257,0.002672845820373315
high_52w,2016-10-01,2016-11-01,0.06111426587829346,0.06322173255261612,-0.002107466674322661,1.5860647289218726,0.0015860647289218726,-0.003693531403244534
momentum_12_1,2015-03-01,2015-04-01,-0.0321298229715228,0.04418493059596494,-0.07631475356748774,1.1000859106529213,0.0011000859106529211,-0.07741483947814065
reversal_1m,2014-03-01,2014-04-01,-0.014372307440961483,-0.010623159273910622,-0.0037491481670508496,3.440292096219924,0.003440292096219924,-0.007189440263270773
reversal_1m,2014-11-01,2014-12-01,-0.005216318203940296,0.00041035222179725906,-0.005626670425737558,2.7056595834209913,0.0027056595834209917,-0.00833233000915855
momentum_12_1,2016-02-01,2016-03-01,0.06263212654745183,0.11399922702754231,-0.051367100480090466,1.2106038291605308,0.0012106038291605308,-0.052577704309250996
momentum_12_1,2017-02-01,2017-03-01,-0.0007610266767224979,-0.014464767013997737,0.013703740337275247,0.8234343434343439,0.0008234343434343438,0.012880305993840904
reversal_1m,2013-03-01,2013-04-01,0.012713484006127424,0.025760716670962473,-0.013047232664835056,2.0000000000000013,0.0020000000000000013,-0.015047232664835057
amihud_illiq,2013-03-01,2013-04-01,0.002416879152625169,0.02094556408757926,-0.018528684934954097,2.0000000000000013,0.0020000000000000013,-0.0205286849349541
amihud_illiq,2016-09-01,2016-10-01,-0.036780333438995776,-0.016212474244838463,-0.02056785919415732,0.8060606060606065,0.0008060606060606064,-0.021373919800217925
high_52w,2014-08-01,2014-09-01,-0.02333483264091206,-0.03128420108587618,0.007949368444964126,1.681486254295531,0.001681486254295531,0.006267882190668595
high_52w,2017-05-01,2017-06-01,-0.008736266547521949,0.014636002422687863,-0.023372268970209803,1.37090909090909,0.00137090909090909,-0.024743178061118892
amihud_illiq,2015-07-01,2015-08-01,-0.05406322157943002,-0.06207861496827969,0.00801539338884968,0.8128220985363852,0.0008128220985363852,0.007202571290313296
amihud_illiq,2017-11-01,2017-12-01,0.015546337351450812,0.007201322921974624,0.008345014429476185,0.7578217821782182,0.0007578217821782181,0.0075871926472979665
low_vol,2013-11-01,2013-12-01,0.015190950349849455,0.04393984959935218,-0.02874889924950272,0.5594931271477662,0.0005594931271477663,-0.029308392376650484
momentum_12_1,2016-07-01,2016-08-01,-0.024016688912560775,0.029275991784574965,-0.053292680697135775,0.9340342197485061,0.0009340342197485061,-0.05422671491688428
low_vol,2017-09-01,2017-10-01,0.022779734352071063,-0.01737383954734994,0.040153573899421015,0.8368316831683172,0.0008368316831683172,0.0393167422162527
amihud_illiq,2013-06-01,2013-07-01,0.06389736774419877,0.05355817224695223,0.010339195497246524,0.4820175438596491,0.00048201754385964916,0.009857177953386875
amihud_illiq,2013-10-01,2013-11-01,0.016411462215190936,0.031778037477651455,-0.01536657526246054,0.6645189003436427,0.0006645189003436426,-0.016031094162804183
high_52w,2016-04-01,2016-05-01,0.020828773438434065,0.007066712280840284,0.01376206115759379,1.2741426467494215,0.0012741426467494214,0.012487918510844367
low_vol,2013-12-01,2014-01-01,-0.030752553001088947,0.0034781559347151266,-0.03423070893580409,0.6636597938144331,0.0006636597938144331,-0.03489436872961853
reversal_1m,2016-08-01,2016-09-01,-0.0020582161092020197,0.0023653036463959385,-0.004423519755597951,2.95555555555556,0.00295555555555556,-0.0073790753111535115
low_vol,2015-01-01,2015-02-01,0.027776309394648906,0.07544685114408818,-0.04767054174943929,0.8419945297706715,0.0008419945297706714,-0.04851253627920996
low_vol,2015-05-01,2015-06-01,-0.012440685045549276,-0.03410089672441406,0.0216602116788648,0.9036398064380395,0.0009036398064380396,0.02075657187242676
amihud_illiq,2014-11-01,2014-12-01,0.0061430161568751555,-0.001989525015075463,0.00813254117195062,0.6980854197349045,0.0006980854197349045,0.007434455752215716
high_52w,2014-09-01,2014-10-01,0.031680325827615013,0.033014247303345755,-0.0013339214757307246,1.78500859106529,0.00178500859106529,-0.0031189300667960147
low_vol,2015-09-01,2015-10-01,0.05233174547642232,0.09519866917513767,-0.04286692369871533,0.6734693877551023,0.0006734693877551024,-0.04354039308647043
momentum_12_1,2017-06-01,2017-07-01,0.03380570382210331,0.0033417082583516995,0.030463995563751612,0.7840404040404044,0.0007840404040404044,0.029679955159711207
reversal_1m,2016-01-01,2016-02-01,0.006357580187035156,-0.0024253127285771134,0.008782892915612272,2.8539393939393936,0.0028539393939393935,0.005928953521672879
low_vol,2017-12-01,2018-01-01,0.019608768980978356,0.04753800821050318,-0.027929239229524828,0.7774257425742578,0.0007774257425742577,-0.028706664972099085
low_vol,2017-07-01,2017-08-01,0.010817195278480605,-0.043915664785475664,0.054732860063956314,0.7368316831683172,0.0007368316831683171,0.053996028380788
momentum_12_1,2017-08-01,2017-09-01,0.03441625664272235,0.03764267664538359,-0.003226420002661238,0.804646464646465,0.0008046464646464651,-0.004031066467307703
reversal_1m,2014-04-01,2014-05-01,0.03250567209942028,0.01128045675501854,0.021225215344401735,3.066151202749142,0.0030661512027491417,0.018159064141652595
reversal_1m,2016-05-01,2016-06-01,0.003140802166216287,-0.01121488014556124,0.01435568231177754,3.155353535353539,0.0031553535353535393,0.011200328776424
high_52w,2015-08-01,2015-09-01,-0.00701294645236493,-0.06177874310523929,0.054765796652874385,1.192930780559647,0.001192930780559647,0.05357286587231474
high_52w,2014-07-01,2014-08-01,0.03819784900193658,0.05769370090354476,-0.01949585190160817,2.242482817869414,0.0022424828178694138,-0.021738334719477587
high_52w,2015-04-01,2015-05-01,0.02678954732287711,-0.025768347603717295,0.05255789492659445,1.6907216494845345,0.0016907216494845344,0.05086717327710991
high_52w,2015-10-01,2015-11-01,0.003259738191220673,-0.005670490421218743,0.008930228612439412,1.1508520934146858,0.0011508520934146859,0.007779376519024726
amihud_illiq,2014-04-01,2014-05-01,0.020340686506267917,0.027787739392762488,-0.007447052886494571,0.6643041237113403,0.0006643041237113403,-0.008111357010205912
low_vol,2015-12-01,2016-01-01,-0.01993394411644239,-0.08311698243612387,0.0631830383196815,0.7724180581323443,0.0007724180581323443,0.06241062026154916
low_vol,2017-04-01,2017-05-01,0.027476169328801647,-0.015264682258288925,0.042740851587090616,0.7400000000000004,0.0007400000000000004,0.04200085158709062
momentum_12_1,2014-05-01,2014-06-01,0.03503276551128801,0.024554217916990258,0.010478547594297746,1.1087719298245613,0.0011087719298245612,0.009369775664473185
momentum_12_1,2017-10-01,2017-11-01,0.030778049877628708,0.057596438676896816,-0.026818388799268112,0.8448484848484853,0.0008448484848484853,-0.0276632372841166
reversal_1m,2013-05-01,2013-06-01,-0.011290486031583115,-0.015304687149155616,0.004014201117572515,3.519298245614037,0.003519298245614037,0.0004949028719584783
amihud_illiq,2013-05-01,2013-06-01,-0.011144097466433106,-0.01449734348080705,0.0033532460143739368,0.587280701754386,0.000587280701754386,0.002765965312619551
high_52w,2016-03-01,2016-04-01,-0.014851430019584104,0.04673252353770941,-0.061583953557293535,0.8634546602146017,0.0008634546602146017,-0.06244740821750814
momentum_12_1,2014-06-01,2014-07-01,-0.02370157067226136,-0.010910860712560075,-0.012790709959701316,0.9319158075601389,0.0009319158075601389,-0.013722625767261454
momentum_12_1,2014-12-01,2015-01-01,0.014618423315284736,-0.04977160882446861,0.06439003213975333,0.9733676975945023,0.0009733676975945024,0.06341666444215883
reversal_1m,2017-01-01,2017-02-01,0.02653547780602055,0.022399136857107427,0.004136340948913134,3.339999999999997,0.003339999999999997,0.0007963409489131373
amihud_illiq,2016-05-01,2016-06-01,-0.010748868073616032,0.0025481959498012425,-0.013297064023417265,0.6236363636363639,0.0006236363636363639,-0.01392070038705363
amihud_illiq,2017-01-01,2017-02-01,0.029679398252437508,0.038418230845981234,-0.008738832593543702,0.7800000000000005,0.0007800000000000004,-0.009518832593543703
low_vol,2015-11-01,2015-12-01,0.00136457839126329,-0.053201319222651186,0.05456589761391448,0.7917955060812208,0.0007917955060812209,0.05377410210783325
amihud_illiq,2016-01-01,2016-02-01,0.005666518318618419,-0.003086722125060965,0.008753240443679389,0.6642424242424245,0.0006642424242424245,0.008088998019436964
high_52w,2014-02-01,2014-03-01,0.008520404243615075,0.01253469058012934,-0.004014286336514252,2.0000000000000013,0.0020000000000000013,-0.006014286336514253
momentum_12_1,2016-08-01,2016-09-01,-0.0005229496917143238,0.0009901555720906118,-0.001513105263804937,0.934240362811792,0.0009342403628117919,-0.002447345626616729
momentum_12_1,2016-09-01,2016-10-01,-0.041099471405834656,-0.0026801057761174922,-0.03841936562971717,1.1181199752628328,0.0011181199752628326,-0.03953748560498
reversal_1m,2016-12-01,2017-01-01,0.028276789984504655,0.010622391606844299,0.017654398377660363,3.157373737373742,0.0031573737373737417,0.014497024640286621
reversal_1m,2017-03-01,2017-04-01,-0.006584757819832173,0.012411684190421598,-0.018996442010253772,3.2399999999999993,0.003239999999999999,-0.022236442010253772
momentum_12_1,2015-07-01,2015-08-01,-0.044140383634884046,-0.05461468970901679,0.010474306074132725,0.6844931271477664,0.0006844931271477664,0.00978981294698496
reversal_1m,2015-03-01,2015-04-01,0.028115320479296987,-0.023115617706861068,0.05123093818615806,3.262150220913106,0.003262150220913106,0.04796878796524495
amihud_illiq,2015-03-01,2015-04-01,-0.018081651666648185,0.009904896657340444,-0.027986548323988645,0.5548074900063118,0.0005548074900063118,-0.028541355813994956
high_52w,2017-07-01,2017-08-01,-0.000500630969152259,-0.05649551357097032,0.05599488260181806,1.5723232323232308,0.0015723232323232308,0.05442255936949483
high_52w,2017-12-01,2018-01-01,0.04200169767952027,0.03963033243834942,0.002371365241170866,1.4917171717171704,0.0014917171717171705,0.0008796480694536956
low_vol,2015-04-01,2015-05-01,0.018792956544608237,0.005696238519587872,0.013096718025020361,1.0462865558594578,0.0010462865558594579,0.012050431469160903
low_vol,2015-08-01,2015-09-01,-0.002502672308233913,-0.05928224449861822,0.05677957219038431,1.293498842836104,0.0012934988428361042,0.05548607334754821
reversal_1m,2014-10-01,2014-11-01,-0.004642136108907319,0.03890079771574875,-0.043542933824656065,3.177151272880284,0.003177151272880284,-0.04672008509753635
reversal_1m,2017-02-01,2017-03-01,0.00855528182333306,-0.006879680560230606,0.015434962383563655,3.120000000000002,0.0031200000000000017,0.012314962383563654
amihud_illiq,2016-12-01,2017-01-01,0.027344947084016753,0.016339552937911648,0.011005394146105102,0.6840404040404043,0.0006840404040404043,0.010321353742064698
amihud_illiq,2017-03-01,2017-04-01,0.0002586785059399907,0.011128991994422908,-0.010870313488482917,0.6800000000000003,0.0006800000000000003,-0.011550313488482917
low_vol,2015-10-01,2015-11-01,0.0004795468103532691,0.0029542604401253695,-0.002474713629772102,0.7915893630179349,0.0007915893630179349,-0.003266302992790037
reversal_1m,2016-02-01,2016-03-01,0.09719316838412595,0.07168095021418187,0.025512218169944017,3.1945454545454544,0.0031945454545454547,0.022317672715398564
momentum_12_1,2014-03-01,2014-04-01,-0.01879149440630569,0.027728816800209534,-0.04652031120651525,0.7964912280701758,0.0007964912280701758,-0.04731680243458543
momentum_12_1,2017-11-01,2017-12-01,-0.009231659275322941,0.04385824279125669,-0.05308990206657963,1.267878787878788,0.0012678787878787879,-0.05435778085445842
amihud_illiq,2014-10-01,2014-11-01,0.0286523509605435,0.022590436457129652,0.006061914503413836,0.6162423732379552,0.0006162423732379551,0.005445672130175881
amihud_illiq,2015-02-01,2015-03-01,0.011067250242873224,-0.01810761458037545,0.029174864823248686,0.5958342099726489,0.0005958342099726489,0.028579030613276036
amihud_illiq,2016-02-01,2016-03-01,0.1175687349513065,0.0547886622766664,0.0627800726746401,0.6640404040404043,0.0006640404040404043,0.0621160322705997
high_52w,2015-12-01,2016-01-01,-0.03339930121380448,-0.06102208761624959,0.02762278640244511,1.109404586576899,0.001109404586576899,0.02651338181586821
amihud_illiq,2017-02-01,2017-03-01,0.001592780182787488,-0.0002230439229155346,0.0018158241057030231,0.6800000000000003,0.0006800000000000003,0.0011358241057030228
low_vol,2016-03-01,2016-04-01,-0.011530527239467011,0.04821660345186775,-0.059747130691334804,0.4646464646464648,0.0004646464646464648,-0.06021177715598127
momentum_12_1,2014-11-01,2014-12-01,0.0018241480739871314,-0.0016413791904103187,0.0034655272643974505,1.264390034364261,0.001264390034364261,0.0022011372300331893
reversal_1m,2015-02-01,2015-03-01,0.0013377338887372526,-0.006816130473030599,0.008153864361767852,3.6105617504733796,0.003610561750473379,0.0045433026112944724
amihud_illiq,2016-11-01,2016-12-01,0.008320268902614572,0.017785426313515307,-0.009465157410900734,0.6842424242424245,0.0006842424242424246,-0.010149399835143158
high_52w,2015-11-01,2015-12-01,-0.013551317054962963,-0.053750850887553846,0.040199533832590874,1.0279823269513997,0.0010279823269513997,0.039171551505639474
low_vol,2014-02-01,2014-03-01,0.018912016879014167,-0.022945145765501485,0.04185716264451566,0.8707044673539523,0.0008707044673539524,0.040986458177161705
low_vol,2014-07-01,2014-08-01,0.03567864689027584,0.05653437676758716,-0.02085572987731132,1.010309278350516,0.001010309278350516,-0.021866039155661838
reversal_1m,2016-07-01,2016-08-01,-0.006724201014166946,0.018317484470244665,-0.02504168548441162,3.6983838383838297,0.0036983838383838298,-0.02874006932279545
reversal_1m,2016-11-01,2016-12-01,0.021641611837371826,0.01875184752177323,0.0028897643155986,2.936969696969696,0.002936969696969696,-4.720538137109598e-05
amihud_illiq,2016-07-01,2016-08-01,0.01612837919109595,-0.0023682817594533182,0.018496660950549273,0.7448484848484852,0.0007448484848484851,0.01775181246570079
high_52w,2017-04-01,2017-05-01,0.03869560224747005,-0.03949896527454923,0.07819456752201925,1.3098989898989892,0.0013098989898989893,0.07688466853212027
high_52w,2014-04-01,2014-05-01,0.018839691498333283,0.03524370986827467,-0.016404018369941376,1.762280701754385,0.0017622807017543848,-0.01816629907169576
reversal_1m,2013-04-01,2013-05-01,0.050745669432806534,-0.0028577270968486337,0.05360339652965517,3.0991228070175465,0.0030991228070175467,0.050504273722637626
reversal_1m,2014-02-01,2014-03-01,0.01165619484481729,-0.021416993942585262,0.03307318878740254,3.1512027491408956,0.0031512027491408957,0.02992198603826165
momentum_12_1,2017-09-01,2017-10-01,0.03865544349763223,-0.03193779395850447,0.07059323745613671,0.7242424242424246,0.0007242424242424246,0.0698689950318943
amihud_illiq,2016-03-01,2016-04-01,0.03503755297464953,-0.0003154814286808903,0.03535303440333044,0.6638383838383841,0.0006638383838383842,0.03468919601949205
high_52w,2016-01-01,2016-02-01,-0.0015879300856084708,0.02891768094045024,-0.030505611026058727,1.130233536713655,0.001130233536713655,-0.03163584456277238
low_vol,2015-03-01,2015-04-01,-0.017404259557164164,0.02574301798369661,-0.04314727754086078,0.7216494845360827,0.0007216494845360827,-0.04386892702539686
reversal_1m,2015-10-01,2015-11-01,0.002772553762383777,-0.0018798622600505717,0.004652416022434348,3.3498247783962,0.0033498247783962,0.0013025912440381483
low_vol,2017-02-01,2017-03-01,-0.0010931841018654612,0.006869611038566093,-0.00796279514043155,1.1052525252525254,0.0011052525252525254,-0.009068047665684075
reversal_1m,2015-04-01,2015-05-01,0.016954785517105168,-0.010615937562749547,0.02757072307985471,3.5282979171049815,0.003528297917104982,0.02404242516274973
reversal_1m,2015-08-01,2015-09-01,-0.049957745923707365,-0.024238416079656752,-0.025719329844050634,2.9643372500515266,0.0029643372500515264,-0.02868366709410216
high_52w,2017-01-01,2017-02-01,0.034207055339182744,0.025386382718214157,0.008820672620968582,1.5913131313131346,0.0015913131313131344,0.007229359489655448
momentum_12_1,2015-01-01,2015-02-01,0.04732103570389052,0.08444727788178814,-0.03712624217789771,1.1404639175257734,0.0011404639175257732,-0.03826670609542348
reversal_1m,2014-07-01,2014-08-01,0.05474622040147287,0.03327734128136806,0.021468879120104773,3.200925731117183,0.003200925731117183,0.01826795338898759
amihud_illiq,2014-07-01,2014-08-01,0.049762184452324894,0.03535140829690507,0.014410776155419816,0.657058699768568,0.000657058699768568,0.013753717455651248
amihud_illiq,2015-04-01,2015-05-01,0.02360913073283717,0.013586747034554755,0.01002238369828242,0.6982958131706292,0.0006982958131706292,0.009324087885111791
high_52w,2016-05-01,2016-06-01,0.019063284433192287,-0.024689392654479402,0.04375267708767167,1.2756154007994949,0.0012756154007994948,0.04247706168687218
low_vol,2016-02-01,2016-03-01,0.061712900359383135,0.10566383097896592,-0.04395093061958272,0.8484848484848491,0.0008484848484848492,-0.044799415468067566
momentum_12_1,2015-05-01,2015-06-01,0.0023339752539302742,-0.03069042327449249,0.03302439852842277,0.8084192439862546,0.0008084192439862546,0.032215979284436515
momentum_12_1,2015-09-01,2015-10-01,0.06262413543849919,0.09400004267010682,-0.03137590723160762,0.6597938144329898,0.0006597938144329898,-0.032035701046040616
amihud_illiq,2015-10-01,2015-11-01,0.012000277365851636,-0.007247109506278577,0.01924738687213021,0.6505875077303652,0.0006505875077303652,0.018596799364399844
low_vol,2016-11-01,2016-12-01,0.01139487357663198,0.005448537254405087,0.005946336322226865,1.1050505050505057,0.0011050505050505058,0.004841285817176359
reversal_1m,2016-03-01,2016-04-01,0.003992302169289777,0.0347076637439419,-0.030715361574652142,3.3367676767676784,0.0033367676767676784,-0.03405212925141982
amihud_illiq,2013-04-01,2013-05-01,0.02882904953999593,0.017293286473309362,0.011535763066686574,0.5864035087719297,0.0005864035087719297,0.010949359557914644
low_vol,2014-10-01,2014-11-01,0.03128631465826985,0.025113538663761325,0.006172775994508518,1.5804754891647383,0.0015804754891647385,0.0045923005053437795
low_vol,2015-02-01,2015-03-01,0.0013738288507456054,-0.010449043761555216,0.011822872612300816,1.0067325899431951,0.0010067325899431952,0.010816140022357621
amihud_illiq,2014-02-01,2014-03-01,0.0009570502318487612,0.002430663226279118,-0.0014736129944303545,0.5191151202749139,0.0005191151202749138,-0.0019927281147052683
amihud_illiq,2015-08-01,2015-09-01,-0.03351387267265347,-0.0274979550661145,-0.006015917606538943,0.5283446712018143,0.0005283446712018143,-0.006544262277740758
low_vol,2016-07-01,2016-08-01,-0.028749671278283803,0.023518613675667942,-0.052268284953951735,0.6030303030303032,0.0006030303030303033,-0.05287131525698204
low_vol,2016-12-01,2017-01-01,0.01590361234174825,0.03165243072214034,-0.01574881838039209,0.6032323232323235,0.0006032323232323234,-0.016352050703624416
low_vol,2017-03-01,2017-04-01,0.016901904607378015,-0.001966313844920021,0.018868218452298042,0.7844444444444448,0.0007844444444444448,0.018083774007853597
amihud_illiq,2014-01-01,2014-02-01,0.05537822792133351,0.04196879622532454,0.013409431696008986,0.6018041237113402,0.0006018041237113402,0.012807627572297645
amihud_illiq,2014-05-01,2014-06-01,0.033188852851784995,0.01997620906947516,0.01321264378230982,0.7835051546391755,0.0007835051546391755,0.012429138627670646
momentum_12_1,2016-05-01,2016-06-01,0.03576096616474679,-0.025171038985103568,0.06093200514985035,0.7988638754470867,0.0007988638754470867,0.060133141274403265
reversal_1m,2014-01-01,2014-02-01,0.058659926267489775,0.055183618039190405,0.0034763082282994093,3.1301546391752604,0.00313015463917526,0.0003461535891241493
momentum_12_1,2017-01-01,2017-02-01,0.01938967788046226,0.03258488726209267,-0.013195209381630414,1.1658585858585864,0.0011658585858585863,-0.014361067967489
reversal_1m,2017-08-01,2017-09-01,0.038310554065530696,0.011371516691214284,0.02693903737431641,2.9245544554455467,0.0029245544554455465,0.024014482918870865
momentum_12_1,2016-01-01,2016-02-01,-0.003399674513442682,0.028740430023151332,-0.032140104536594015,0.779928466231854,0.000779928466231854,-0.032920033002825866
reversal_1m,2017-06-01,2017-07-01,0.021875344569374837,0.004825498090813449,0.01704984647856137,3.561584158415833,0.003561584158415833,0.01348826232014554
amihud_illiq,2014-06-01,2014-07-01,-0.026245668927736086,-0.013314211798624557,-0.012931457129111534,0.7835051546391756,0.0007835051546391756,-0.01371496228375071
amihud_illiq,2017-06-01,2017-07-01,0.017785997601455505,0.01689695064409862,0.0008890469573569,0.6576237623762379,0.0006576237623762379,0.00023142319498066217
low_vol,2013-07-01,2013-08-01,-0.03647662703043779,-0.015462059188536863,-0.021014567841900915,1.0046052631578952,0.0010046052631578952,-0.022019173105058812
low_vol,2013-08-01,2013-09-01,0.019617695285443142,0.06444311993628499,-0.044825424650841855,0.8173245614035092,0.0008173245614035093,-0.04564274921224536
low_vol,2015-06-01,2015-07-01,0.0272412295760593,-0.017261103726037293,0.044502333302096575,0.9236271828318964,0.0009236271828318964,0.043578706119264676
momentum_12_1,2014-04-01,2014-05-01,0.042663946191829644,0.012954407892150506,0.029709538299679143,0.7543859649122804,0.0007543859649122804,0.02895515233476686
reversal_1m,2014-06-01,2014-07-01,-0.0028153439817076758,-0.021493093318338905,0.01867774933663123,3.03092783505154,0.0030309278350515397,0.01564682150157969
low_vol,2016-04-01,2016-05-01,0.020055084428310048,0.012360887638136963,0.0076941967901730905,0.6430303030303034,0.0006430303030303034,0.007051166487142787
reversal_1m,2014-12-01,2015-01-01,-0.021551917283659874,-0.01667625586459382,-0.00487566141906606,3.076162423732381,0.0030761624237323807,-0.00795182384279844
reversal_1m,2017-10-01,2017-11-01,0.04105815917134436,0.02756220473556982,0.013495954435774537,3.222376237623765,0.0032223762376237643,0.010273578198150772
amihud_illiq,2014-12-01,2015-01-01,-0.00526815021496127,-0.027805569849189745,0.02253741963422848,0.7809804334104778,0.0007809804334104778,0.021756439200818
high_52w,2015-01-01,2015-02-01,0.018143439154813697,0.07738964946861253,-0.05924621031379883,1.9542525773195853,0.0019542525773195854,-0.06120046289111841
high_52w,2015-05-01,2015-06-01,0.002810901467905941,-0.04120020369819886,0.0440111051661048,1.2164948453608246,0.0012164948453608248,0.04279461032074398
low_vol,2014-09-01,2014-10-01,0.03770890511676425,0.03260045546809304,0.005108449648671202,0.7597306964022726,0.0007597306964022727,0.004348718952268929
high_52w,2015-09-01,2015-10-01,0.057699478413568386,0.09021062109682207,-0.03251114268325365,0.9457184935830008,0.0009457184935830007,-0.03345686117683665
low_vol,2017-05-01,2017-06-01,-0.0015624614095869009,0.016744635823186842,-0.01830709723277375,0.9600000000000004,0.0009600000000000005,-0.01926709723277375
low_vol,2016-10-01,2016-11-01,0.03524680225428538,0.07325235238466414,-0.03800555013037875,1.0256565656565662,0.0010256565656565663,-0.03903120669603531
reversal_1m,2014-05-01,2014-06-01,0.017654862764076292,0.03397507346512036,-0.01632021070104406,3.5051546391752533,0.003505154639175253,-0.019825365340219316
amihud_illiq,2017-10-01,2017-11-01,0.040941629653057296,0.026728735864220005,0.014212893788837319,0.6774257425742577,0.0006774257425742577,0.013535468046263061
low_vol,2014-08-01,2014-09-01,-0.021122151815299854,-0.031779073114146454,0.010656921298846605,0.7422680412371137,0.0007422680412371136,0.009914653257609492
amihud_illiq,2017-08-01,2017-09-01,0.029275398698626276,0.022689152276292375,0.006586246422333892,0.8172277227722776,0.0008172277227722777,0.005769018699561614
high_52w,2017-09-01,2017-10-01,0.024819279564495495,-0.03258032190801547,0.057399601472510955,1.8147474747474721,0.001814747474747472,0.055584853997763486
low_vol,2013-09-01,2013-10-01,0.04515580260877093,0.04219695980337397,0.00295884280539696,0.7669673539518913,0.0007669673539518913,0.0021918754514450686
low_vol,2016-06-01,2016-07-01,0.006803949933205699,0.07289281121037293,-0.06608886127716718,0.9852525252525258,0.0009852525252525258,-0.0670741138024197
high_52w,2015-02-01,2015-03-01,0.0103179680404967,-0.022808205824729023,0.03312617386522573,1.7869415807560116,0.0017869415807560116,0.03133923228446972
high_52w,2016-02-01,2016-03-01,0.056159630476068575,0.11300452334107516,-0.0568448928650066,0.9438249526614775,0.0009438249526614776,-0.05778871781766808
high_52w,2016-11-01,2016-12-01,0.010788777002079423,0.011705589524253632,-0.0009168125221742098,1.8989898989898977,0.0018989898989898975,-0.002815802421164107
momentum_12_1,2016-10-01,2016-11-01,0.020625526738817485,0.07621597541582524,-0.05559044867700779,1.1181199752628332,0.0011181199752628333,-0.05670856865227063
amihud_illiq,2017-04-01,2017-05-01,-0.019289702073620057,0.014403214876462202,-0.033692916950082266,0.617821782178218,0.000617821782178218,-0.03431073873226048
high_52w,2015-03-01,2015-04-01,-0.030066148814142674,0.0553424004309362,-0.08540854924507889,1.3926116838487965,0.0013926116838487966,-0.08680116092892769
high_52w,2016-07-01,2016-08-01,-0.02194064889797925,0.025526830463566248,-0.04746747936154553,1.6703772418058145,0.0016703772418058143,-0.04913785660335134
low_vol,2014-04-01,2014-05-01,0.011616120901144058,0.04042412295394038,-0.02880800205279632,0.8713487972508596,0.0008713487972508595,-0.02967935085004718
low_vol,2016-05-01,2016-06-01,0.038233679566930356,-0.00645956835914539,0.04469324792607574,0.9246464646464652,0.0009246464646464652,0.043768601461429274
momentum_12_1,2016-04-01,2016-05-01,0.03219315922137676,0.0023777053056318613,0.029815453915744874,0.7593099095308229,0.000759309909530823,0.029056144006214053
momentum_12_1,2017-05-01,2017-06-01,0.002697806287686009,0.01582171969560454,-0.01312391340791853,0.8242424242424247,0.0008242424242424246,-0.013948155832160955
reversal_1m,2015-11-01,2015-12-01,-0.03323752169984913,-0.029900423233150532,-0.0033370984666986,3.044320758606466,0.003044320758606466,-0.0063814192253050656
low_vol,2017-01-01,2017-02-01,0.03917125066980116,0.013574523508746428,0.02559672716105472,0.7850505050505054,0.0007850505050505055,0.024811676656004217
high_52w,2017-03-01,2017-04-01,0.01948968852279575,-0.008454039805141603,0.027943728327937345,1.6725252525252505,0.0016725252525252503,0.026271203075412093
low_vol,2016-01-01,2016-02-01,0.01457746691783516,0.0076800649263020875,0.006897401991533066,1.0762729334157912,0.0010762729334157911,0.005821129058117274
momentum_12_1,2014-08-01,2014-09-01,-0.024950309940932055,-0.022345008843681017,-0.0026053010972510292,0.8906786941580761,0.0008906786941580761,-0.0034959797914091055
momentum_12_1,2015-06-01,2015-07-01,0.03917438724930938,-0.05104113456481284,0.09021552181412217,0.6219931271477663,0.0006219931271477663,0.0895935286869744
reversal_1m,2017-07-01,2017-08-01,-0.03133435205063065,-0.0029638566079957145,-0.028370495442634935,3.44237623762376,0.0034423762376237605,-0.031812871680258696
momentum_12_1,2014-09-01,2014-10-01,0.03217344297445191,0.025029233799909838,0.007144209174542072,0.9327749140893477,0.0009327749140893478,0.0062114342604527245
reversal_1m,2015-12-01,2016-01-01,-0.06716763929542376,-0.041214106418946427,-0.02595353287647731,3.0101010101010095,0.0030101010101010097,-0.02896363388657832
amihud_illiq,2015-12-01,2016-01-01,-0.05693166106356504,-0.04897481792142086,-0.007956843142144152,0.7676767676767682,0.0007676767676767682,-0.00872451990982092
high_52w,2014-10-01,2014-11-01,0.03603033480466244,-0.013984167428125287,0.050014502232787715,1.9922680412371108,0.0019922680412371107,0.048022234191550606
high_52w,2016-12-01,2017-01-01,0.008814451868310267,0.02973299655054801,-0.02091854468223777,1.5757575757575737,0.0015757575757575737,-0.022494302257995345
low_vol,2013-05-01,2013-06-01,0.0039946629863487895,-0.020739034057469283,0.024733697043818073,2.000000000000008,0.002000000000000008,0.022733697043818064
momentum_12_1,2016-06-01,2016-07-01,0.02840241456688259,0.07271371854391101,-0.04431130397702841,0.7518037518037524,0.0007518037518037524,-0.045063107728832166
reversal_1m,2017-04-01,2017-05-01,-0.028833649897138363,0.02249201855117238,-0.05132566844831074,2.825346534653467,0.0028253465346534667,-0.05415101498296421
reversal_1m,2017-12-01,2018-01-01,0.04076737554726007,0.0471844461200897,-0.006417070572829635,2.871287128712873,0.002871287128712873,-0.009288357701542509
amihud_illiq,2015-11-01,2015-12-01,-0.03212680274445861,-0.012078797290178854,-0.020048005454279746,0.7730364873222021,0.0007730364873222021,-0.020821041941601948
amihud_illiq,2017-07-01,2017-08-01,-0.03260841424441262,-0.0001710866816159942,-0.032437327562796596,0.7378217821782181,0.0007378217821782181,-0.033175149344974814
amihud_illiq,2017-12-01,2018-01-01,0.03050402684621987,0.05961858664264969,-0.029114559796429827,0.7920792079207926,0.0007920792079207926,-0.02990663900435062
high_52w,2017-02-01,2017-03-01,-0.0024022640614991273,-0.007717132177364537,0.005314868115865407,1.4905050505050506,0.0014905050505050505,0.0038243630653603568
low_vol,2014-03-01,2014-04-01,0.017394447992340776,-0.010889401224504472,0.028283849216845257,0.6840635738831616,0.0006840635738831616,0.027599785642962095
reversal_1m,2013-11-01,2013-12-01,0.01926667983412292,0.02740621282107019,-0.008139532986947265,3.109965635738834,0.003109965635738834,-0.011249498622686099
reversal_1m,2015-01-01,2015-02-01,0.07913725181995793,0.014497325825765737,0.06463992599419219,3.200294550810013,0.0032002945508100133,0.06143963144338217
momentum_12_1,2015-08-01,2015-09-01,-0.022255999559011266,-0.07569088299346434,0.05343488343445309,0.6840635738831616,0.0006840635738831616,0.052750819860569925
amihud_illiq,2015-09-01,2015-10-01,0.08549539775500696,0.08660299329489801,-0.0011075955398910584,0.5493712636569782,0.0005493712636569782,-0.0016569668035480364
low_vol,2016-09-01,2016-10-01,-0.02771319782969898,-0.024801397509003696,-0.0029118003206952845,1.2678787878787874,0.0012678787878787874,-0.004179679108574072
momentum_12_1,2016-03-01,2016-04-01,-0.008420096644728,0.043842196538345105,-0.0522622931830731,0.8201136124552919,0.0008201136124552919,-0.05308240679552839
reversal_1m,2015-09-01,2015-10-01,0.09330105575216843,0.0584292016516942,0.03487185410047419,2.8420944135229886,0.0028420944135229887,0.0320297596869512
low_vol,2013-06-01,2013-07-01,0.051818413890417664,0.07336388541864022,-0.021545471528222577,0.7133771929824559,0.000713377192982456,-0.022258848721205034
low_vol,2017-11-01,2017-12-01,-0.010011801353108921,0.02848002631449358,-0.0384918276676025,0.9552475247524758,0.0009552475247524757,-0.03944707519235498
amihud_illiq,2015-01-01,2015-02-01,0.06432278092326481,0.0516216638065094,0.012701117116755428,0.5550178834420365,0.0005550178834420364,0.012146099233313392
low_vol,2013-10-01,2013-11-01,0.016174774836594265,0.033220940373951624,-0.017046165537357362,1.0562714776632307,0.0010562714776632307,-0.01810243701502059
reversal_1m,2017-09-01,2017-10-01,0.002848821902722235,0.007578482687997279,-0.004729660785275036,3.4619801980197975,0.0034619801980197975,-0.008191640983294834
momentum_12_1,2014-02-01,2014-03-01,-0.01380518151675414,0.015244867762954485,-0.029050049279708626,2.000000000000008,0.002000000000000008,-0.031050049279708634
reversal_1m,2013-12-01,2014-01-01,-0.022810052248610616,0.0003048069313553608,-0.023114859179965974,3.0257731958762912,0.003025773195876291,-0.026140632375842264
high_52w,2014-06-01,2014-07-01,-0.03524738544455994,-0.00264062738583016,-0.03260675805872978,1.8687714776632296,0.0018687714776632297,-0.034475529536393004
high_52w,2017-08-01,2017-09-01,-0.001668636844219229,0.05059120602692179,-0.05225984287114098,1.4519191919191905,0.0014519191919191905,-0.05371176206306017
amihud_illiq,2017-09-01,2017-10-01,-0.00852546300965133,0.020271954256332672,-0.028797417265983994,0.9568316831683173,0.0009568316831683173,-0.029754248949152313
momentum_12_1,2014-07-01,2014-08-01,0.0468278446338419,0.04373286418328586,0.0030949804505560276,0.8490120274914094,0.0008490120274914094,0.002245968423064618
high_52w,2014-12-01,2015-01-01,-0.029924318301878187,-0.04771495271943739,0.01779063441755925,1.580756013745703,0.0015807560137457031,0.01620987840381355
low_vol,2014-11-01,2014-12-01,0.005162567318572824,-0.006875383006428287,0.012037950325001111,0.6147696191878816,0.0006147696191878817,0.01142318070581323
momentum_12_1,2015-04-01,2015-05-01,0.03929385232884007,-0.025741801260595845,0.06503565358943596,0.7884450171821309,0.0007884450171821309,0.06424720857225383
momentum_12_1,2015-10-01,2015-11-01,0.0065827101440772175,-0.0029069241493382015,0.009489634293415415,0.6804123711340208,0.0006804123711340208,0.008809221922281394
reversal_1m,2015-05-01,2015-06-01,-0.0364668508354871,-0.0036245507382833505,-0.03284230009720374,3.2812960235640656,0.003281296023564066,-0.036123596120767806
amihud_illiq,2013-11-01,2013-12-01,0.022729519519333753,0.01933391083215019,0.00339560868718356,0.6439003436426117,0.0006439003436426117,0.0027517083435409486
high_52w,2014-05-01,2014-06-01,0.027355520496657407,0.03376153005279843,-0.006406009556141042,1.510964912280702,0.001510964912280702,-0.007916974468421744
low_vol,2016-08-01,2016-09-01,-0.010183010914520146,0.016897350450803535,-0.027080361365323703,0.7042424242424246,0.0007042424242424246,-0.027784603789566126
amihud_illiq,2013-12-01,2014-01-01,-0.007534740615010489,-0.03353099092911361,0.02599625031410313,0.622852233676976,0.0006228522336769759,0.025373398080426154
amihud_illiq,2015-05-01,2015-06-01,-0.011002890989120393,-0.020484327669040178,0.00948143667991978,0.5747948664001683,0.0005747948664001683,0.008906641813519611
high_52w,2017-06-01,2017-07-01,0.0060806740539496446,0.016927026417236327,-0.010846352363286684,1.6339393939393925,0.0016339393939393927,-0.012480291757226076
high_52w,2017-10-01,2017-11-01,0.02398204215039865,0.05529903716138503,-0.03131699501098636,1.6737373737373717,0.0016737373737373716,-0.03299073238472373
low_vol,2015-07-01,2015-08-01,-0.049225469676985066,-0.05053232505351663,0.0013068553765315607,1.2524721228697664,0.0012524721228697666,5.438325366179412e-05
