ticker_a,ticker_b,formation_corr,hedge_ratio,half_life_days,n_trades,pct_days_invested,total_net_return
GS,MS,0.857,0.626,57.5,1,0.49097472924187724,0.07788215422835609
CMS,PNW,0.844,1.268,55.5,1,0.7075812274368231,0.041285301791615936
PNW,XEL,0.849,0.872,53.7,1,0.6498194945848376,0.03613298778876306
ED,WEC,0.843,0.782,59.5,1,0.628158844765343,0.03136541368254098
CMS,WEC,0.879,1.189,23.8,1,0.6714801444043321,0.027284241476682514
DISCA,DISCK,0.957,1.074,46.0,1,0.23104693140794225,0.022088272942339948
DTE,XEL,0.856,0.837,44.4,1,0.9963898916967509,0.011946471508359036
WEC,XEL,0.882,0.988,18.8,1,0.9205776173285198,0.007989794014812812
CMS,DTE,0.879,1.345,54.6,1,0.628158844765343,0.003960526685830246
RF,ZION,0.85,0.939,22.3,1,0.04332129963898917,0.003357302453811606
DTE,WEC,0.864,0.841,45.7,1,0.9963898916967509,0.002485769139622951
CMA,ZION,0.843,1.044,55.0,0,0.0,0.0
CMS,LNT,0.857,1.14,53.8,0,0.0,0.0
LNT,WEC,0.846,0.997,33.3,0,0.0,0.0
LNT,XEL,0.86,0.989,45.7,0,0.0,0.0
CMA,RF,0.852,1.11,30.9,0,0.0,0.0
CMS,XEL,0.893,1.199,7.8,1,0.7906137184115524,-0.0034606540294038757
DTE,LNT,0.845,0.83,24.7,1,0.9855595667870036,-0.007510058464732738
FITB,RF,0.845,0.913,16.1,1,0.9314079422382672,-0.024946617089163237
SCG,XEL,0.859,1.039,58.7,1,0.8808664259927798,-0.2430093116905433
