ticker_a,ticker_b,ret_corr,hedge_ratio,alpha,price_r2,phi,half_life_days,spread_std
DISCA,DISCK,0.9572913599738534,1.0741562513155851,-0.050059314998119823,0.968703920424994,-0.014949281635073081,46.01914426147237,0.031275422111913614
CMS,XEL,0.8930106196424862,1.199114259710034,0.02246894489943902,0.9928705800059878,-0.08462081951008134,7.839533195207061,0.013908932638412563
WEC,XEL,0.8823539774464482,0.9880717696888933,0.008474286504580734,0.9791102411606717,-0.03614662875883914,18.827284037596826,0.019755674647614425
CMS,WEC,0.8792827733279353,1.1891081449442071,0.017043439577937275,0.9735530103520269,-0.028685417646109167,23.81549247746756,0.02678889663789285
CMS,DTE,0.8791438507195664,1.3454869164686423,-0.019375382516849747,0.9355559529907463,-0.012611541322595137,54.614030929535765,0.041817503972847225
DTE,WEC,0.8642828162072471,0.8405178702115463,0.03565242477828065,0.9412391664306198,-0.015039887989988449,45.739807910677825,0.028705563866262957
LNT,XEL,0.8596674915294357,0.9893558698004735,0.07122792197926699,0.9376065388142051,-0.015041503054676098,45.73485924793953,0.03493527913039948
SCG,XEL,0.8591001681102908,1.038618525149794,-0.025260698984681376,0.9400475091484367,-0.011735079950824635,58.71899578616109,0.035903537123485964
GS,MS,0.857244150429749,0.6263165071227482,-0.04486327251192858,0.8675461428274697,-0.01198037770452798,57.509602318899844,0.04028843519898653
CMS,LNT,0.8571663332448323,1.1402695975106072,-0.04510149240972985,0.9372836457749548,-0.012801627874807497,53.79791960032075,0.04125314906952728
DTE,XEL,0.8557875430555036,0.837437781576379,0.041439654804675125,0.937056547426488,-0.015488954347242723,44.403588300818,0.029709639958568648
CMA,RF,0.8517984228182272,1.1101430677181934,0.012724937818213829,0.8751552480589103,-0.02219421050990656,30.883120626138773,0.04701985603082537
RF,ZION,0.8498562665183407,0.93857511136862,0.04897109362626154,0.8901101968117203,-0.030618177050901616,22.290051164623055,0.0371739274349431
PNW,XEL,0.8492105338320453,0.871768693257061,-0.026019151894992532,0.9237597618817643,-0.012836112781807723,53.65245349162899,0.03428201398482662
LNT,WEC,0.8461217562551744,0.99692296736684,0.06361122507032119,0.9492577469521335,-0.02059155803913601,33.31394067645086,0.031505004929175025
DTE,LNT,0.8450830634830235,0.8300640844997769,-0.014567369543931263,0.9610995784670057,-0.027623038890537414,24.744890431305134,0.023356042772660797
FITB,RF,0.8445779344019743,0.9132174994938493,-0.021917011459402256,0.92473759948143,-0.042193481542630154,16.07876256173173,0.029215528641327183
CMS,PNW,0.84354797560905,1.2677366244268466,0.0735176585635567,0.9130048356992612,-0.012402538942033237,55.54022854759573,0.04858634842509146
ED,WEC,0.8428734153091709,0.7822397130312256,-0.05932536977622037,0.8828563253769168,-0.011586439682939056,59.47675436409051,0.0389474849118333
CMA,ZION,0.8428299138735552,1.0438186766560975,0.06678992508033639,0.7817772609879807,-0.012530341158121462,54.97020073505929,0.06216503047609687
